fpid,name,team,pos,bye,ecr,adp,ecr_vs_adp,rank_std,fp_tier
22968,Jahmyr Gibbs,DET,RB,6,1,1.6,0.6,1.24,1
23133,Bijan Robinson,ATL,RB,11,2,2.4,0.4,1.99,1
19788,Ja'Marr Chase,CIN,WR,6,3,5.2,2.2,1.10,1
23180,Puka Nacua,LAR,WR,11,4,2.6,-1.4,1.26,1
23070,Jaxon Smith-Njigba,SEA,WR,11,5,5.4,0.4,1.23,2
19217,Jonathan Taylor,IND,RB,13,6,4.2,-1.8,3.06,2
19799,Amon-Ra St. Brown,DET,WR,6,7,8.8,1.8,0.99,2
16393,Christian McCaffrey,SF,RB,8,8,6.5,-1.5,5.30,2
19202,CeeDee Lamb,DAL,WR,14,9,14.6,5.6,2.89,2
22958,James Cook III,BUF,RB,7,10,9.6,-0.4,2.95,2
19236,Justin Jefferson,MIN,WR,6,11,18.7,7.7,4.94,2
15514,Derrick Henry,BAL,RB,13,12,6.4,-5.6,4.09,3
20130,Nico Collins,HOU,WR,8,13,22.4,9.4,5.05,3
23163,Drake London,ATL,WR,11,14,11.7,-2.3,4.61,3
18218,A.J. Brown,NE,WR,11,15,19.7,4.7,6.17,3
22955,Brock Bowers,LV,TE,13,16,53.6,37.6,3.86,3
17240,Saquon Barkley,PHI,RB,10,17,14.1,-2.9,5.79,3
25989,Ashton Jeanty,LV,RB,13,18,16.3,-1.7,7.71,3
22963,George Pickens,DAL,WR,14,19,18.2,-0.8,6.31,3
25395,Omarion Hampton,LAC,RB,7,20,21.3,1.3,7.70,3
22936,Trey McBride,ARI,TE,14,21,58.3,37.3,8.75,4
17298,Josh Allen,BUF,QB,7,22,19.0,-3.0,0.44,4
25324,Chase Brown,CIN,RB,6,23,19.0,-4.0,7.20,4
23021,Kenneth Walker III,KC,RB,5,24,28.5,4.5,11.15,4
23136,De'Von Achane,MIA,RB,6,25,12.7,-12.3,7.82,4
23113,Rashee Rice,KC,WR,5,26,13.6,-12.4,10.70,4
20111,Chris Olave,NO,WR,8,27,26.1,-0.9,7.52,4
17233,Lamar Jackson,BAL,QB,13,28,49.4,21.4,8.27,4
22916,Zay Flowers,BAL,WR,13,29,25.0,-4.0,8.33,4
23059,Kyren Williams,LAR,RB,11,30,25.6,-4.4,7.93,4
19211,Tee Higgins,CIN,WR,6,31,34.4,3.4,6.87,4
19222,DeVonta Smith,PHI,WR,10,32,38.6,6.6,9.53,4
25409,Malik Nabers,NYG,WR,8,33,32.7,-0.3,12.48,4
23046,Drake Maye,NE,QB,11,34,46.4,12.4,11.36,4
18269,Josh Jacobs,GB,RB,11,35,14.5,-20.5,8.16,4
23062,Emeka Egbuka,TB,WR,10,36,29.1,-6.9,10.15,4
25417,Tetairoa McMillan,CAR,WR,5,37,37.9,0.9,7.45,4
22739,Javonte Williams,DAL,RB,14,38,31.0,-7.0,7.59,5
26006,Colston Loveland,CHI,TE,10,39,74.3,35.3,13.62,5
22982,Breece Hall,NYJ,RB,13,40,27.8,-12.2,4.64,5
25403,Jeremiyah Love,ARI,RB,14,41,28.5,-12.5,7.62,5
19196,Joe Burrow,CIN,QB,6,42,54.9,12.9,11.95,5
26122,Ladd McConkey,LAC,WR,7,43,48.0,5.0,8.43,5
23677,Jameson Williams,DET,WR,6,44,39.6,-4.4,9.37,5
12123,Davante Adams,LAR,WR,11,45,34.9,-10.1,8.28,5
22902,Jayden Daniels,WAS,QB,7,46,66.7,20.7,13.10,5
19790,Jaylen Waddle,DEN,WR,10,47,53.8,6.8,10.72,5
18466,Terry McLaurin,WAS,WR,7,48,44.4,-3.6,8.65,5
23886,Christian Watson,GB,WR,11,49,59.7,10.7,10.63,5
19231,Travis Etienne Jr.,NO,RB,8,50,40.6,-9.4,6.49,5
23072,Garrett Wilson,NYJ,WR,13,51,41.5,-9.5,9.49,6
27166,Cam Skattebo,NYG,RB,8,52,34.2,-17.8,6.50,6
19210,D'Andre Swift,CHI,RB,10,53,41.5,-11.5,6.86,6
25981,Bucky Irving,TB,RB,10,54,45.3,-8.7,7.27,6
25411,Rome Odunze,CHI,WR,10,55,40.8,-14.2,10.15,6
25391,Quinshon Judkins,CLE,RB,11,56,46.5,-9.5,7.82,6
27016,Luther Burden III,CHI,WR,10,57,55.1,-1.9,7.90,6
19275,Jalen Hurts,PHI,QB,10,58,68.8,10.8,11.16,6
12119,Mike Evans,SF,WR,8,59,57.9,-1.1,10.07,6
18239,David Montgomery,HOU,RB,8,60,60.6,0.6,7.88,6
25298,Tucker Kraft,GB,TE,11,61,91.9,30.9,13.73,6
23065,TreVeyon Henderson,NE,RB,11,62,55.7,-6.3,9.09,6
17265,DJ Moore,BUF,WR,7,63,46.7,-16.3,11.54,6
27297,Bhayshul Tuten,JAC,RB,7,64,50.1,-13.9,10.14,6
26434,Tyler Warren,IND,TE,13,65,81.9,16.9,11.41,6
27329,Jadarian Price,SEA,RB,11,66,53.1,-12.9,11.06,6
23084,Caleb Williams,CHI,QB,10,67,105.9,38.9,11.24,6
18635,Justin Herbert,LAC,QB,7,68,100.6,32.6,13.12,6
23064,Marvin Harrison Jr.,ARI,WR,14,69,63.9,-5.1,9.17,7
24209,Jaylen Warren,PIT,RB,9,70,79.4,9.4,7.77,7
23000,Brian Thomas Jr.,JAC,WR,7,71,67.7,-3.3,9.02,7
18705,Tony Pollard,TEN,RB,9,72,62.8,-9.2,9.72,7
18219,DK Metcalf,PIT,WR,9,73,63.2,-9.8,10.29,7
26009,Carnell Tate,TEN,WR,9,74,74.4,0.4,21.97,7
22978,Sam LaPorta,DET,TE,6,75,106.9,31.9,7.06,7
19780,Trevor Lawrence,JAC,QB,7,76,89.2,13.2,11.67,7
15600,Dak Prescott,DAL,QB,14,77,62.5,-14.5,11.51,7
23791,Alec Pierce,IND,WR,13,78,44.6,-33.4,12.97,7
23106,Parker Washington,JAC,WR,7,79,65.8,-13.2,15.29,7
22726,Rhamondre Stevenson,NE,RB,11,80,69.7,-10.3,8.67,7
19647,Rico Dowdle,PIT,RB,9,81,66.8,-14.2,10.34,7
19792,Chuba Hubbard,CAR,RB,5,82,82.0,0.0,10.99,7
17253,Courtland Sutton,DEN,WR,10,83,51.4,-31.6,11.90,7
19245,J.K. Dobbins,DEN,RB,10,84,75.1,-8.9,12.79,7
27050,Harold Fannin Jr.,CLE,TE,11,85,103.4,18.4,11.11,7
20164,Kyle Pitts Sr.,ATL,TE,11,86,95.2,9.2,7.27,7
23013,Blake Corum,LAR,RB,11,87,110.0,23.0,12.33,7
23160,Jaxson Dart,NYG,QB,8,88,98.3,10.3,13.64,7
23123,Quentin Johnston,LAC,WR,7,89,73.0,-16.0,10.57,7
27131,Kyle Monangai,CHI,RB,10,90,92.5,2.5,12.37,7
26035,Jordyn Tyson,NO,WR,8,91,82.1,-8.9,21.62,7
19797,Brock Purdy,SF,QB,8,92,71.9,-20.1,9.87,7
16406,Chris Godwin Jr.,TB,WR,10,93,87.8,-5.2,12.14,7
23107,Jordan Addison,MIN,WR,6,94,79.2,-14.8,11.86,8
27316,Jacory Croskey-Merritt,WAS,RB,7,95,95.1,0.1,11.88,8
27142,RJ Harvey,DEN,RB,10,96,98.4,2.4,18.05,8
16499,George Kittle,SF,TE,8,97,127.5,30.5,20.85,8
22910,Bo Nix,DEN,QB,10,98,122.8,24.8,8.65,8
25333,Michael Wilson,ARI,WR,14,99,87.3,-11.7,13.90,8
16413,Patrick Mahomes II,KC,QB,5,100,94.9,-5.1,9.69,8
25247,Dalton Kincaid,BUF,TE,7,101,148.5,47.5,13.98,8
9451,Matthew Stafford,LAR,QB,11,102,77.4,-24.6,14.23,8
25420,Makai Lemon,PHI,WR,10,103,92.3,-10.7,19.60,8
26148,Jonathon Brooks,CAR,RB,5,104,122.2,18.2,26.63,8
23020,Jayden Reed,GB,WR,11,105,85.7,-19.3,14.00,8
22969,Jordan Mason,MIN,RB,6,106,113.6,7.6,13.92,8
11594,Travis Kelce,KC,TE,5,107,135.4,28.4,10.88,8
15501,Jared Goff,DET,QB,6,108,107.7,-0.3,11.86,8
23891,Rachaad White,WAS,RB,7,109,112.3,3.3,13.12,8
19278,Michael Pittman Jr.,PIT,WR,9,110,93.4,-16.6,14.20,8
16673,Aaron Jones Sr.,MIN,RB,6,111,98.5,-12.5,13.26,8
17269,Mark Andrews,BAL,TE,13,112,132.5,20.5,18.76,8
17270,Dallas Goedert,PHI,TE,10,113,100.4,-12.6,15.74,8
23310,Kenny Gainwell,TB,RB,10,114,121.5,7.5,9.84,8
18598,Jakobi Meyers,JAC,WR,7,115,79.8,-35.2,16.46,8
18600,Kyler Murray,MIN,QB,6,116,151.8,35.8,10.99,8
23019,Xavier Worthy,KC,WR,5,117,87.4,-29.6,16.97,8
23781,Isaiah Likely,NYG,TE,8,118,132.4,14.4,27.29,8
24706,Josh Downs,IND,WR,13,119,111.0,-8.0,14.75,8
17237,Baker Mayfield,TB,QB,10,120,134.5,14.5,9.28,8
19246,Jordan Love,GB,QB,11,121,155.0,34.0,9.96,8
22986,Chris Rodriguez Jr.,JAC,RB,7,122,147.0,25.0,16.65,8
27077,Jayden Higgins,HOU,WR,8,123,131.3,8.3,13.23,8
22985,Wan'Dale Robinson,TEN,WR,9,124,100.7,-23.3,13.21,8
23096,Tyler Shough,NO,QB,8,125,146.5,21.5,11.99,8
22980,Tyrone Tracy Jr.,NYG,RB,8,126,158.8,32.8,8.14,9
22718,Jake Ferguson,DAL,TE,14,127,162.8,35.8,13.40,9
23794,Romeo Doubs,NE,WR,11,128,103.5,-24.5,18.33,9
24172,Tyler Allgeier,ARI,RB,14,129,149.8,20.8,13.63,9
27520,Woody Marks,HOU,RB,8,130,143.2,13.2,14.52,9
23499,Malik Willis,MIA,QB,6,131,164.3,33.3,27.19,9
26403,Jalen Coker,CAR,WR,5,132,121.9,-10.1,13.92,9
26024,Matthew Golden,GB,WR,11,133,109.5,-23.5,20.31,9
23152,Zach Charbonnet,SEA,RB,11,134,134.4,0.4,21.24,9
24687,Rashid Shaheed,SEA,WR,11,135,97.0,-38.0,13.71,9
27331,KC Concepcion,CLE,WR,11,136,125.8,-10.2,31.79,9
23748,Khalil Shakir,BUF,WR,7,137,115.4,-21.6,13.48,9
24333,Isiah Pacheco,DET,RB,6,138,152.1,14.1,13.14,9
17236,Sam Darnold,SEA,QB,11,139,153.1,14.1,13.48,9
23071,C.J. Stroud,HOU,QB,8,140,,,19.19,9
18244,Deebo Samuel Sr.,SF,WR,8,141,83.4,-57.6,33.19,9
22908,Tank Bigsby,PHI,RB,10,142,154.9,12.9,17.56,9
20094,Brian Robinson Jr.,ATL,RB,11,143,148.1,5.1,10.63,9
16421,Alvin Kamara,NO,RB,8,144,145.8,1.8,18.31,9
13981,Stefon Diggs,WAS,WR,7,145,90.9,-54.1,37.84,9
25345,Brenton Strange,JAC,TE,7,146,164.0,18.0,24.97,9
19562,Juwan Johnson,NO,TE,8,147,,,22.22,9
15561,Hunter Henry,NE,TE,11,148,153.7,5.7,21.03,9
25360,Keaton Mitchell,LAC,RB,7,149,156.9,7.9,21.71,9
25323,Tyjae Spears,TEN,RB,9,150,156.6,6.6,18.90,9
24755,Cam Ward,TEN,QB,9,151,,,19.90,9
27102,Dylan Sampson,CLE,RB,11,152,,,18.10,9
25997,Oronde Gadsden II,LAC,TE,7,153,,,32.74,9
19590,Jauan Jennings,MIN,WR,6,154,148.6,-5.4,26.57,9
8120,Houston Texans,HOU,DST,8,155,,,5.05,9
18232,Daniel Jones,IND,QB,13,156,142.6,-13.4,31.82,9
27320,Jonah Coleman,DEN,RB,10,157,,,36.15,9
23982,Chig Okonkwo,WAS,TE,7,158,,,29.82,9
24346,Braelon Allen,NYJ,RB,13,159,,,30.10,9
19201,Jerry Jeudy,CLE,WR,11,160,131.3,-28.7,20.41,10
24357,Adonai Mitchell,NYJ,WR,13,161,158.1,-2.9,26.96,10
23179,Jalen McMillan,TB,WR,10,162,140.2,-21.8,28.62,10
27339,Denzel Boston,CLE,WR,11,163,147.4,-15.6,34.69,10
25337,Tre Tucker,LV,WR,13,164,125.6,-38.4,27.98,10
28127,Omar Cooper Jr.,NYJ,WR,13,165,165.0,0.0,32.98,10
8090,Denver Broncos,DEN,DST,10,166,,,5.06,10
26034,Travis Hunter,JAC,WR,7,167,159.8,-7.2,30.85,10
22900,Bryce Young,CAR,QB,5,168,,,26.66,10
8280,Los Angeles Rams,LAR,DST,11,169,,,6.80,10
8260,Seattle Seahawks,SEA,DST,11,170,,,3.51,10
22989,Kayshon Boutte,NE,WR,11,171,156.7,-14.3,23.04,10
8230,Philadelphia Eagles,PHI,DST,10,172,,,8.95,10
28107,Emmett Johnson,KC,RB,5,173,,,37.62,10
28138,De'Zhaun Stribling,SF,WR,8,174,156.5,-17.5,44.62,10
25885,Emanuel Wilson,SEA,RB,11,175,,,32.58,10
26215,Tre' Harris,LAC,WR,7,176,165.8,-10.2,28.39,10
26355,Kimani Vidal,LAC,RB,7,177,,,32.45,10
26398,Ryan Flournoy,DAL,WR,14,178,,,27.99,10
26335,AJ Barner,SEA,TE,11,179,,,22.73,10
26191,Ray Davis,BUF,RB,7,180,167.0,-13.0,33.62,10
26068,Brandon Aubrey,DAL,K,14,181,131.2,-49.8,1.54,10
8180,New England Patriots,NE,DST,11,182,,,6.73,10
17258,Calvin Ridley,TEN,WR,9,183,108.4,-74.6,31.24,10
8240,Pittsburgh Steelers,PIT,DST,9,184,,,4.89,10
23679,Sean Tucker,TB,RB,10,185,,,38.64,10
8170,Minnesota Vikings,MIN,DST,6,186,,,7.99,10
8140,Jacksonville Jaguars,JAC,DST,7,187,,,12.83,10
16447,James Conner,ARI,RB,14,188,,,45.97,10
17349,Dalton Schultz,HOU,TE,8,189,,,28.47,10
24177,Jalen Nailor,LV,WR,13,190,149.2,-40.8,41.90,10
26055,Kenyon Sadiq,NYJ,TE,13,191,,,43.67,10
23091,Terrance Ferguson,LAR,TE,11,192,,,43.38,10
8250,Los Angeles Chargers,LAC,DST,7,193,,,11.35,10
28108,Mike Washington Jr.,LV,RB,13,194,,,37.11,10
23901,Cameron Dicker,LAC,K,7,195,145.8,-49.2,5.27,10
15756,Ka'imi Fairbairn,HOU,K,8,196,134.8,-61.2,1.84,10
24343,Nicholas Singleton,TEN,RB,9,197,,,42.66,10
19794,Rashod Bateman,BAL,WR,13,198,123.6,-74.4,28.92,10
26475,Cam Little,JAC,K,7,199,157.6,-41.4,8.72,11
8020,Baltimore Ravens,BAL,DST,13,200,,,17.27,11
23092,Troy Franklin,DEN,WR,10,201,,,36.34,11
19810,Darnell Mooney,NYG,WR,8,202,164.1,-37.9,23.77,11
14003,Jason Myers,SEA,K,11,203,134.8,-68.2,8.52,11
24354,Dontayvion Wicks,PHI,WR,10,204,,,28.38,11
27446,Isaac TeSlaa,DET,WR,6,205,,,26.65,11
15642,Jacoby Brissett,ARI,QB,14,206,,,37.73,11
8110,Green Bay Packers,GB,DST,11,207,,,21.26,11
24362,Kaytron Allen,WAS,RB,7,208,,,41.08,11
23118,MarShawn Lloyd,GB,RB,11,209,,,49.56,11
27122,Jaylin Noel,HOU,WR,8,210,,,29.73,11
18290,T.J. Hockenson,MIN,TE,6,211,,,19.92,11
17575,Eddy Pineiro,SF,K,8,212,,,6.96,11
27534,Tyler Loop,BAL,K,13,213,166.5,-46.5,9.13,11
24344,Jaydon Blue,DAL,RB,14,214,,,43.31,11
25987,Jaylen Wright,MIA,RB,6,215,,,26.95,11
27211,Pat Bryant,DEN,WR,10,216,,,32.97,11
26314,Malik Washington,MIA,WR,6,217,144.4,-72.6,38.72,11
8150,Kansas City Chiefs,KC,DST,5,218,,,18.10,11
8100,Detroit Lions,DET,DST,6,219,,,21.72,11
25361,Tank Dell,HOU,WR,8,220,139.2,-80.8,29.08,11
13731,Cairo Santos,CHI,K,10,221,160.0,-61.0,10.83,11
25984,Ollie Gordon II,MIA,RB,6,222,,,24.90,11
23297,Evan McPherson,CIN,K,6,223,169.7,-53.3,12.99,11
25418,Antonio Williams,WAS,WR,7,224,149.6,-74.4,44.63,11
27109,Gunnar Helm,TEN,TE,9,225,,,23.64,11
27291,Andy Borregales,NE,K,11,226,,,15.07,11
20163,Pat Freiermuth,PIT,TE,9,227,,,26.92,11
26075,Jake Bates,DET,K,6,228,154.9,-73.1,13.99,11
19058,Chase McLaughlin,TB,K,10,229,164.0,-65.0,16.20,11
16399,David Njoku,LAC,TE,7,230,,,25.35,11
16433,Cooper Kupp,SEA,WR,11,231,156.8,-74.2,33.37,11
8070,Cleveland Browns,CLE,DST,11,232,,,31.68,11
26638,Harrison Mevis,LAR,K,11,233,131.0,-102.0,18.57,11
11687,Geno Smith,NYJ,QB,13,234,,,32.39,11
8030,Buffalo Bills,BUF,DST,7,235,,,20.47,11
27315,Chimere Dike,TEN,WR,9,236,,,40.23,11
27059,Elic Ayomanor,TEN,WR,9,237,,,38.25,11
23153,Greg Dulcich,MIA,TE,6,238,,,44.16,11
23181,Cade Otton,TB,TE,10,239,,,20.88,11
26019,Keon Coleman,BUF,WR,7,240,,,34.58,11
25419,Zachariah Branch,ATL,WR,11,241,,,31.07,11
9001,Aaron Rodgers,PIT,QB,9,242,,,39.69,11
26039,Germie Bernard,PIT,WR,9,243,151.9,-91.1,33.75,11
22915,George Holani,SEA,RB,11,244,,,38.17,11
19372,Colby Parkinson,LAR,TE,11,245,,,24.81,11
28084,Demond Claiborne,MIN,RB,6,246,,,39.14,11
13029,Chris Boswell,PIT,K,9,247,151.9,-95.1,15.61,12
16712,Harrison Butker,KC,K,5,248,164.4,-83.6,21.40,12
26022,Tory Horton,SEA,WR,11,249,,,29.27,12
27310,Jordan James,SF,RB,8,250,,,38.59,12
16411,Evan Engram,DEN,TE,10,251,,,20.33,12
25977,Isaiah Davis,NYJ,RB,13,252,,,31.86,12
18256,Justice Hill,BAL,RB,13,253,168.6,-84.4,43.01,12
24205,Malik Davis,DAL,RB,14,254,,,30.88,12
28401,Kaelon Black,SF,RB,8,255,,,51.17,12
22913,Tyquan Thornton,KC,WR,5,256,,,35.36,12
18406,Ty Johnson,BUF,RB,7,257,,,35.98,12
25823,Chris Brooks,GB,RB,11,258,,,31.41,12
27463,Elijah Sarratt,BAL,WR,13,259,,,26.42,12
28013,Fernando Mendoza,LV,QB,13,260,,,34.82,12
23144,Eli Stowers,PHI,TE,10,261,,,38.11,12
27224,Jack Bech,LV,WR,13,262,,,26.25,12
17268,Christian Kirk,SF,WR,8,263,,,28.95,12
28130,Ted Hurst III,TB,WR,10,264,,,33.01,12
25388,Trey Benson,ARI,RB,14,265,,,40.15,12
26038,Chris Bell,MIA,WR,6,266,,,34.55,12
27097,DJ Giddens,IND,RB,13,267,,,23.93,12
23104,Theo Johnson,NYG,TE,8,268,,,27.61,12
27994,Malachi Fields,NYG,WR,8,269,,,30.29,12
16423,Samaje Perine,CIN,RB,6,270,,,43.54,12
23080,Marvin Mims Jr.,DEN,WR,10,271,,,22.59,12
18706,Darius Slayton,NYG,WR,8,272,,,28.69,12
16026,Wil Lutz,DEN,K,10,273,,,29.21,12
26341,Will Reichard,MIN,K,6,274,170.6,-103.4,31.78,12
23682,Devin Neal,NO,RB,8,275,,,31.03,12
19198,Tua Tagovailoa,ATL,QB,11,276,,,30.85,12
26005,Mason Taylor,NYJ,TE,13,277,,,23.74,12
26136,Xavier Legette,CAR,WR,5,278,,,31.50,12
19252,Brandon Aiyuk,SF,WR,8,279,,,58.80,12
27165,Kaleb Johnson,PIT,RB,9,280,,,32.39,12
27337,Ja'Kobi Lane,BAL,WR,13,281,,,44.20,12
26409,Devaughn Vele,NO,WR,8,282,,,22.45,12
25654,Emari Demercado,KC,RB,5,283,,,35.97,12
24360,Kendre Miller,NO,RB,8,284,,,38.40,12
8010,Atlanta Falcons,ATL,DST,11,285,,,34.11,12
17272,Mike Gesicki,CIN,TE,6,286,,,27.41,12
8270,San Francisco 49ers,SF,DST,8,287,,,32.23,12
18280,Devin Singletary,NYG,RB,8,288,,,26.28,12
18226,Hollywood Brown,PHI,WR,10,289,,,26.77,12
27487,Kyle Williams,NE,WR,11,290,,,34.73,12
25430,Oscar Delp,NO,TE,8,291,,,35.66,12
11616,Keenan Allen,LAC,WR,7,292,,,26.25,12
22973,Michael Penix Jr.,ATL,QB,11,293,,,21.71,12
15802,Tyreek Hill,FA,WR,,294,,,49.40,12
24367,Adam Randall,BAL,RB,13,295,,,27.86,12
16489,Mack Hollins,NE,WR,11,296,,,38.82,12
25968,Shedeur Sanders,CLE,QB,11,297,,,28.61,12
23079,Seth McGowan,IND,RB,13,298,,,31.72,12
27285,LeQuint Allen Jr.,JAC,RB,7,299,,,24.31,12
11177,Kirk Cousins,LV,QB,13,300,,,26.72,12
19302,Najee Harris,LAC,RB,7,301,,,28.58,12
16398,Deshaun Watson,CLE,QB,11,302,,,22.89,12
27259,Brashard Smith,KC,RB,5,303,,,20.99,13
28126,Skyler Bell,BUF,WR,7,304,,,35.71,13
24778,Jake Tonges,SF,TE,8,305,,,28.75,13
24371,Isaiah Bond,CLE,WR,11,306,,,27.04,13
22921,Jerome Ford,WAS,RB,7,307,,,22.62,13
25335,Andrei Iosivas,CIN,WR,6,308,,,33.88,13
26392,Isaac Guerendo,SF,RB,8,309,,,24.86,13
26444,Charlie Smyth,NO,K,8,310,,,36.43,13
25393,Trevor Etienne,CAR,RB,5,311,,,19.64,13
28135,Caleb Douglas,MIA,WR,6,312,,,48.58,13
8190,New Orleans Saints,NO,DST,8,313,,,40.57,13
26212,Tahj Brooks,CIN,RB,6,314,,,21.40,13
8050,Chicago Bears,CHI,DST,10,315,,,43.06,13
8130,Indianapolis Colts,IND,DST,13,316,,,30.42,13
28424,Cyrus Allen,KC,WR,5,317,,,48.30,13
22967,Darnell Washington,PIT,TE,9,318,,,30.10,13
24335,Jarquez Hunter,LAR,RB,11,319,,,18.52,13
25876,Jaleel McLaughlin,DEN,RB,10,320,,,23.15,13
23054,Audric Estime,NO,RB,8,321,,,16.74,13
26328,Luke McCaffrey,WAS,WR,7,322,,,24.59,13
22930,Will Shipley,PHI,RB,10,323,,,23.00,13
16420,Joe Mixon,FA,RB,,324,,,29.29,13
23770,Jalen Tolbert,MIA,WR,6,325,,,42.46,13
28047,Chris Brazzell II,CAR,WR,5,326,,,35.29,13
23018,J.J. McCarthy,MIN,QB,6,327,,,20.33,13
16425,Kareem Hunt,FA,RB,,328,,,18.71,13
25287,Cedric Tillman,CLE,WR,11,329,,,26.24,13
27449,Konata Mumpfield,LAR,WR,11,330,,,28.64,13
27147,Tez Johnson,TB,WR,10,331,,,31.39,13
27993,Max Klare,LAR,TE,11,332,,,26.88,13
15623,Tyler Higbee,LAR,TE,11,333,,,34.84,13
23056,Michael Mayer,LV,TE,13,334,,,31.78,13
23101,Jahan Dotson,ATL,WR,11,335,,,40.42,13
19229,Cole Kmet,CHI,TE,10,336,,,25.44,13
23739,Calvin Austin III,NYG,WR,8,337,,,32.27,13
23004,Elijah Arroyo,SEA,TE,11,338,,,26.56,13
27076,Jalen Royals,KC,WR,5,339,,,24.73,13
25304,DeMario Douglas,NE,WR,11,340,,,36.83,13
18864,Olamide Zaccheaus,ATL,WR,11,341,,,31.91,13
22953,Carson Beck,ARI,QB,14,342,,,21.81,13
18631,Dawson Knox,BUF,TE,7,343,,,34.25,13
19539,Noah Gray,KC,TE,5,344,,,28.69,13
24334,Ja'Tavion Sanders,CAR,TE,5,345,,,33.37,13
22845,Joshua Palmer,BUF,WR,7,346,,,41.21,14
22905,Treylon Burks,WAS,WR,7,347,,,34.51,14
20156,Mac Jones,SF,QB,8,348,,,20.92,14
8080,Dallas Cowboys,DAL,DST,14,349,,,56.91,14
28133,Brenen Thompson,LAC,WR,7,350,,,37.30,14
17066,Kendrick Bourne,ARI,WR,14,351,,,43.10,14
24901,Bam Knight,ARI,RB,14,352,,,25.67,14
28129,Bryce Lance,NO,WR,8,353,,,31.68,14
25368,Ty Simpson,LAR,QB,11,354,,,25.63,14
23837,Erick All Jr.,CIN,TE,6,355,,,32.17,14
28079,Justin Joly,DEN,TE,10,356,,,30.77,14
28297,Eli Heidenreich,PIT,RB,9,357,,,32.25,14
22728,Michael Carter,TEN,RB,9,358,,,23.38,14
8040,Carolina Panthers,CAR,DST,5,359,,,43.00,14
28154,Eli Raridon,NE,TE,11,360,,,32.48,14
19781,Justin Fields,KC,QB,5,361,,,22.27,14
27288,Dont'e Thornton Jr.,LV,WR,13,362,,,32.35,14
27454,Jaylin Lane,WAS,WR,7,363,,,26.88,14
25332,Xavier Hutchinson,HOU,WR,8,364,,,33.03,14
18520,KaVontae Turpin,DAL,WR,14,365,,,44.94,14
24351,Raheim Sanders,CLE,RB,11,366,,,33.25,14
22895,John Metchie III,CAR,WR,5,367,129.7,-237.3,37.28,14
17527,Noah Fant,NO,TE,8,368,,,28.77,14
20126,Tutu Atwell,MIA,WR,6,369,,,37.23,14
28109,J'Mari Taylor,JAC,RB,7,370,,,24.52,14
27144,Savion Williams,GB,WR,11,371,,,21.32,14
17246,Nick Chubb,FA,RB,,372,,,16.00,14
16540,Jake Elliott,PHI,K,10,373,,,27.48,14
26329,Jawhar Jordan,HOU,RB,8,374,,,35.29,14
28067,Kevin Coleman Jr.,MIA,WR,6,375,,,33.24,14
19760,Tyler Bass,BUF,K,7,376,,,30.58,14
8290,Tampa Bay Buccaneers,TB,DST,10,377,,,44.64,14
16081,Kalif Raymond,CHI,WR,10,378,,,33.54,14
24347,Anthony Richardson Sr.,IND,QB,13,379,,,22.93,14
8200,New York Giants,NYG,DST,8,380,,,38.39,14
25282,Luke Musgrave,GB,TE,11,381,,,24.75,14
8060,Cincinnati Bengals,CIN,DST,6,382,,,54.10,14
19747,Nick Westbrook-Ikhine,IND,WR,13,383,,,37.36,14
8300,Tennessee Titans,TEN,DST,9,384,,,69.38,14
22795,Tommy Tremble,CAR,TE,5,385,,,34.09,14
9300,Joe Flacco,CIN,QB,6,386,,,24.60,14
28507,Trey Smack,GB,K,11,387,,,29.21,14
26011,Devontez Walker,BAL,WR,13,388,,,37.41,14
18656,Ashton Dulin,IND,WR,13,389,,,25.54,14
28132,Zavion Thomas,CHI,WR,10,390,,,39.19,14
22947,Dameon Pierce,PHI,RB,10,391,,,17.97,14
9491,Nick Folk,ATL,K,11,392,158.4,-233.6,28.34,14
26310,Ben Sinnott,WAS,TE,7,393,,,18.36,14
27138,Mitchell Evans,CAR,TE,5,394,,,22.55,14
23135,Jordan Whittington,LAR,WR,11,395,,,24.35,14
16483,Austin Ekeler,FA,RB,,396,,,21.28,14
24238,Daniel Bellinger,TEN,TE,9,397,,,26.61,14
16548,Zane Gonzalez,MIA,K,6,398,,,35.49,14
20113,Dyami Brown,WAS,WR,7,399,,,27.29,14
25983,Rasheen Ali,BAL,RB,13,400,,,24.88,14
22756,Charlie Kolar,LAC,TE,7,401,,,35.01,14
24009,Jake Moody,WAS,K,7,402,,,29.82,14
11798,Kyle Juszczyk,SF,RB,8,403,,,49.29,14
8160,Miami Dolphins,MIA,DST,6,404,,,61.53,14
22928,Phil Mafah,DAL,RB,14,405,,,30.66,14
18585,Greg Dortch,DET,WR,6,406,,,33.11,14
15581,Austin Hooper,ATL,TE,11,407,,,24.39,14
25322,Roschon Johnson,CHI,RB,10,408,,,20.47,15
28125,CJ Daniels,LAR,WR,11,409,,,27.74,15
11689,Zach Ertz,FA,TE,,410,,,39.84,15
8310,Washington Commanders,WAS,DST,7,411,,,74.66,15
27093,Deion Burks,IND,WR,13,412,,,30.54,15
25533,Blake Grupe,IND,K,13,413,,,29.22,15
28157,Marlin Klein,HOU,TE,8,414,,,54.68,15
27798,Ben Sauls,NYG,K,8,415,,,45.07,15
26964,Terrell Jennings,NE,RB,11,416,,,18.02,15
13890,Marcus Mariota,WAS,QB,7,417,,,24.58,15
25976,Damien Martinez,GB,RB,11,418,,,23.09,15
27326,Jam Miller,NE,RB,11,419,,,27.34,15
14104,Darren Waller,FA,TE,,420,,,22.51,15
22833,John Bates,WAS,TE,7,421,,,29.60,15
26309,Sione Vaki,DET,RB,6,422,,,23.84,15
16445,Jeremy McNichols,WAS,RB,7,423,,,52.37,15
13891,Jameis Winston,NYG,QB,8,424,,,20.04,15
15665,Demarcus Robinson,SF,WR,8,425,,,31.60,15
24361,Cade Klubnik,NYJ,QB,13,426,,,17.52,15
27261,Ryan Fitzgerald,CAR,K,5,427,,,32.00,15
8220,Las Vegas Raiders,LV,DST,13,428,,,59.50,15
26012,Malik Benson,LV,WR,13,429,,,53.24,15
28403,Will Kacmarek,MIA,TE,6,430,,,12.28,15
13971,Tyler Lockett,LV,WR,13,431,,,77.82,15
16460,Jonnu Smith,FA,TE,,432,,,38.06,15
26194,Dylan Laube,LV,RB,13,433,,,10.31,15
28896,Roman Wilson,PIT,WR,9,434,,,24.44,15
25748,Zavier Scott,MIN,RB,6,435,,,18.94,15
20155,Jaret Patterson,LAC,RB,7,436,,,37.37,15
25967,Joe Milton III,DAL,QB,14,437,,,26.63,15
22763,Khalil Herbert,SF,RB,8,438,,,29.28,15
28404,Robert Henry Jr.,WAS,RB,7,439,,,27.03,15
17528,Marquez Valdes-Scantling,DAL,WR,14,440,,,62.56,15
25167,Tommy Myers,FA,TE,,441,,,65.05,15
18487,Josh Oliver,MIN,TE,6,442,,,17.17,15
28427,Nate Boerkircher,JAC,TE,7,443,,,39.97,15
24370,Mitch Tinsley,CIN,WR,6,444,,,46.68,15
17115,Taysom Hill,FA,TE,,445,,,64.50,15
25627,Xavier Smith,LAR,WR,11,446,,,11.03,15
27705,Jakobie Keeney-James,PIT,WR,9,447,,,20.00,15
13274,Brandon McManus,FA,K,,448,,,47.00,15
24839,Kendric Pryor,CIN,WR,6,449,,,36.00,15
25354,Chad Ryland,ARI,K,14,450,,,60.50,15
26037,Colbie Young,CIN,WR,6,451,,,31.56,15
17420,Daniel Carlson,LV,K,13,452,,,28.50,15
23049,Kevin Austin Jr.,NO,WR,8,453,,,9.50,15
19358,AJ Dillon,CAR,RB,5,454,,,11.50,15
25941,Hunter Luepke,DAL,RB,14,455,,,15.92,15
16556,Tim Patrick,NYJ,WR,13,456,,,54.31,15
16579,Mo Alie-Cox,IND,TE,13,457,,,32.67,15
28450,Myles Montgomery,NE,RB,11,458,,,13.74,15
27810,Jahdae Walker,CHI,WR,10,459,,,32.97,15
12127,Odell Beckham Jr.,NYG,WR,8,460,,,6.00,15
27469,Jackson Hawes,BUF,TE,7,461,,,5.68,15
19471,Ty Chandler,NO,RB,8,462,,,18.86,15
19624,Antonio Gibson,FA,RB,,463,,,34.65,15
27066,Xavier Restrepo,TEN,WR,9,464,,,21.00,15
22976,Tyler Goodson,ATL,RB,11,465,,,38.18,15
27222,Theo Wease Jr.,MIA,WR,6,466,122.6,-343.4,69.00,15
25980,Frank Gore Jr.,BUF,RB,7,467,,,20.50,15
19423,Adam Trautman,DEN,TE,10,468,,,12.14,15
25373,Riley Leonard,IND,QB,13,469,,,30.64,15
25387,Roman Hemby,LV,RB,13,470,,,20.81,15
27499,Tanner Koziol,JAC,TE,7,471,,,11.14,15
23119,Elijah Higgins,ARI,TE,14,472,,,8.55,15
23172,Sincere McCormick,SF,RB,8,473,,,63.50,15
20114,Elijah Moore,PHI,WR,10,474,,,34.65,15
24173,Pierre Strong Jr.,GB,RB,11,475,,,17.50,15
28113,Dean Connors,LAR,RB,11,476,,,28.50,15
18566,David Sills V,TB,WR,10,477,,,20.50,15
26748,British Brooks,HOU,RB,8,478,,,19.50,15
23680,Quinn Ewers,MIA,QB,6,479,,,29.94,15
25267,Luke Schoonmaker,DAL,TE,14,480,,,17.76,15
18562,Gardner Minshew II,ARI,QB,14,481,,,13.30,15
14338,Raheem Mostert,LV,RB,13,482,,,47.50,16
19483,Van Jefferson,WAS,WR,7,483,,,29.50,16
17508,Durham Smythe,BAL,TE,13,484,,,11.00,16
25394,Jaydn Ott,KC,RB,5,485,,,18.50,16
28124,Cash Jones,ATL,RB,11,486,,,7.50,16
23341,Brock Wright,DET,TE,6,487,,,8.50,16
16427,JuJu Smith-Schuster,NYG,WR,8,488,,,23.00,16
17826,Tanner Hudson,CIN,TE,6,489,,,17.00,16
18561,Drew Sample,CIN,TE,6,490,,,14.00,16
28906,Miles Davis,CAR,RB,5,491,,,13.50,16
20082,Trey Lance,LAC,QB,7,492,,,0.50,16
