name,pos,proj_pts
Josh Allen,QB,372.2
Drake Maye,QB,326.8
Lamar Jackson,QB,324.6
Jayden Daniels,QB,324.5
Jalen Hurts,QB,322.5
Joe Burrow,QB,310.7
Jaxson Dart,QB,310.1
Brock Purdy,QB,306.2
Dak Prescott,QB,305.9
Trevor Lawrence,QB,303.9
Patrick Mahomes II,QB,302.7
Justin Herbert,QB,300.3
Caleb Williams,QB,299.8
Bo Nix,QB,297.8
Matthew Stafford,QB,294
Jared Goff,QB,287.3
Tyler Shough,QB,285.8
Baker Mayfield,QB,282
Kyler Murray,QB,276.2
Malik Willis,QB,272.3
Jordan Love,QB,267.5
Sam Darnold,QB,266.4
C.J. Stroud,QB,260.6
Daniel Jones,QB,250.9
Bryce Young,QB,248.6
Geno Smith,QB,234.5
Jacoby Brissett,QB,232.5
Cam Ward,QB,232.2
Aaron Rodgers,QB,223
Fernando Mendoza,QB,192.7
Tua Tagovailoa,QB,164.4
Deshaun Watson,QB,136.4
Shedeur Sanders,QB,108.9
Michael Penix Jr.,QB,83.5
Riley Leonard,QB,48
Kirk Cousins,QB,47.2
J.J. McCarthy,QB,23.8
Ty Simpson,QB,23.4
Carson Beck,QB,23.1
Anthony Richardson Sr.,QB,21
Marcus Mariota,QB,18.1
Joe Milton III,QB,12.2
Justin Fields,QB,12
Jameis Winston,QB,11.7
Quinn Ewers,QB,11.5
Mac Jones,QB,10.5
Joe Flacco,QB,10.3
Gardner Minshew II,QB,9.7
Cade Klubnik,QB,9.4
Jahmyr Gibbs,RB,301.5
Bijan Robinson,RB,290.4
Jonathan Taylor,RB,265.9
Derrick Henry,RB,255.1
Christian McCaffrey,RB,254.3
De'Von Achane,RB,240.2
James Cook III,RB,236.8
Saquon Barkley,RB,224
Josh Jacobs,RB,221.2
Ashton Jeanty,RB,216.4
Chase Brown,RB,213.2
Omarion Hampton,RB,212.3
Kyren Williams,RB,209.5
Kenneth Walker III,RB,207.1
Breece Hall,RB,206.1
Jeremiyah Love,RB,201.3
Javonte Williams,RB,199.5
Cam Skattebo,RB,198.5
Travis Etienne Jr.,RB,189.9
Bucky Irving,RB,188
D'Andre Swift,RB,187.9
Quinshon Judkins,RB,182.4
Bhayshul Tuten,RB,179.2
TreVeyon Henderson,RB,163.9
Jadarian Price,RB,163.5
David Montgomery,RB,161.4
Tony Pollard,RB,159.1
J.K. Dobbins,RB,157
Rico Dowdle,RB,153
Jaylen Warren,RB,152.5
Chuba Hubbard,RB,150.8
Rhamondre Stevenson,RB,149.1
Kyle Monangai,RB,133
RJ Harvey,RB,132.6
Jacory Croskey-Merritt,RB,132.5
Aaron Jones Sr.,RB,131.8
Rachaad White,RB,129.7
Blake Corum,RB,122.8
Jordan Mason,RB,117.6
Kenny Gainwell,RB,116.8
Jonathon Brooks,RB,108.4
Zach Charbonnet,RB,103.2
Woody Marks,RB,100.3
Isiah Pacheco,RB,94.8
Tyrone Tracy Jr.,RB,91
Tyjae Spears,RB,90.5
Alvin Kamara,RB,88.9
Chris Rodriguez Jr.,RB,87.4
Brian Robinson Jr.,RB,82.2
Tyler Allgeier,RB,81.5
Justice Hill,RB,81.3
AJ Dillon,RB,78.5
Braelon Allen,RB,78.5
Samaje Perine,RB,78.3
Jordan James,RB,77.2
Dylan Sampson,RB,72
Ty Johnson,RB,71.2
Kaelon Black,RB,67.1
Emari Demercado,RB,66.2
Tank Bigsby,RB,63.9
Mike Washington Jr.,RB,62.5
Malik Davis,RB,62.4
Keaton Mitchell,RB,59.2
Adam Randall,RB,55.6
Chris Brooks,RB,51.5
Kimani Vidal,RB,49.1
James Conner,RB,43.7
Emanuel Wilson,RB,43.5
Jaylen Wright,RB,42.3
Jawhar Jordan,RB,39.2
MarShawn Lloyd,RB,36.6
Kendre Miller,RB,36.6
George Holani,RB,33.1
Kyle Juszczyk,RB,31.3
Roschon Johnson,RB,31.3
Jaydon Blue,RB,30.9
Emmett Johnson,RB,29.3
Ollie Gordon II,RB,28.3
Ray Davis,RB,28.1
Isaiah Davis,RB,27.6
DJ Giddens,RB,27.3
Sean Tucker,RB,26.6
Ty Chandler,RB,26.1
Elijah Mitchell,RB,24.1
Jam Miller,RB,24.1
LeQuint Allen Jr.,RB,24.1
Phil Mafah,RB,23.6
Devin Singletary,RB,23
Dameon Pierce,RB,22.1
Brashard Smith,RB,22.1
Trevor Etienne,RB,21.5
Jonah Coleman,RB,21.3
Audric Estime,RB,20.5
Najee Harris,RB,20.4
Demond Claiborne,RB,20.4
Jeremy McNichols,RB,20.2
Seth McGowan,RB,20
Kaytron Allen,RB,18.4
Tahj Brooks,RB,18.3
Devin Neal,RB,16.7
Will Shipley,RB,16.2
Nicholas Singleton,RB,15.4
Jerome Ford,RB,15.1
Isaac Guerendo,RB,12.9
Kaleb Johnson,RB,4.8
British Brooks,RB,2.4
Bam Knight,RB,0
Trey Benson,RB,0
Jacob Saylors,RB,0
Zavier Scott,RB,0
Rasheen Ali,RB,0
Dylan Laube,RB,0
Josh Williams,RB,0
Puka Nacua,WR,233.3
Jaxon Smith-Njigba,WR,222.5
Ja'Marr Chase,WR,214.5
Amon-Ra St. Brown,WR,202.5
Drake London,WR,187.8
CeeDee Lamb,WR,175.7
Rashee Rice,WR,174.5
Justin Jefferson,WR,170.9
George Pickens,WR,169.6
A.J. Brown,WR,168.6
Nico Collins,WR,166.1
Chris Olave,WR,163.1
Zay Flowers,WR,161.7
Davante Adams,WR,153.6
Jameson Williams,WR,152.8
Tee Higgins,WR,150.7
Tetairoa McMillan,WR,148.9
Malik Nabers,WR,148.8
DeVonta Smith,WR,148.8
Garrett Wilson,WR,147.8
Rome Odunze,WR,146.5
Emeka Egbuka,WR,144
Alec Pierce,WR,143.3
Terry McLaurin,WR,141.1
DJ Moore,WR,136.3
Ladd McConkey,WR,135.7
Courtland Sutton,WR,135
Christian Watson,WR,134.9
Luther Burden III,WR,133.9
Mike Evans,WR,131.7
Jaylen Waddle,WR,130.8
DK Metcalf,WR,130.5
Marvin Harrison Jr.,WR,130.1
Brian Thomas Jr.,WR,119.6
Parker Washington,WR,117.7
Quentin Johnston,WR,116.1
Carnell Tate,WR,115.1
Jakobi Meyers,WR,115
Jayden Reed,WR,113.3
Jordan Addison,WR,112.6
Xavier Worthy,WR,112.1
Chris Godwin Jr.,WR,110.8
Michael Pittman Jr.,WR,110.3
Jordyn Tyson,WR,109.2
Makai Lemon,WR,108.6
Michael Wilson,WR,107.2
Romeo Doubs,WR,106.4
Wan'Dale Robinson,WR,105.9
Ricky Pearsall,WR,105.2
Calvin Ridley,WR,104.3
Matthew Golden,WR,101
Khalil Shakir,WR,100.5
Rashid Shaheed,WR,98.1
John Metchie III,WR,97.6
Josh Downs,WR,96.8
Jalen Coker,WR,95.3
Rashod Bateman,WR,95
Tre Tucker,WR,91.9
Tank Dell,WR,91.4
Jerry Jeudy,WR,90.5
KC Concepcion,WR,89.8
Jayden Higgins,WR,88.7
Jalen McMillan,WR,87.2
Jauan Jennings,WR,85.2
Jalen Nailor,WR,83.7
Antonio Williams,WR,81.6
Cooper Kupp,WR,77.7
Denzel Boston,WR,77.5
Adonai Mitchell,WR,76.9
Omar Cooper Jr.,WR,74.1
Germie Bernard,WR,73.5
Darnell Mooney,WR,70.5
Kayshon Boutte,WR,70.2
Travis Hunter,WR,70
Tyquan Thornton,WR,67.2
Ja'Kobi Lane,WR,66.1
Christian Kirk,WR,65.6
Chris Bell,WR,64.4
Tory Horton,WR,64.1
Darius Slayton,WR,63.8
Malik Washington,WR,63.4
Nick Westbrook-Ikhine,WR,60.9
Troy Franklin,WR,60.1
Isaac TeSlaa,WR,59.7
Devaughn Vele,WR,59
De'Zhaun Stribling,WR,58.4
Hollywood Brown,WR,58.2
Jack Bech,WR,58.1
Andrei Iosivas,WR,57.9
Caleb Douglas,WR,57.2
Ryan Flournoy,WR,55.5
Dyami Brown,WR,55
Tre' Harris,WR,54.8
Ted Hurst III,WR,53.7
Jahan Dotson,WR,52.2
Ashton Dulin,WR,51.6
Elic Ayomanor,WR,51.5
Olamide Zaccheaus,WR,48.7
Chimere Dike,WR,48.7
Dontayvion Wicks,WR,47.1
Xavier Hutchinson,WR,45.8
KaVontae Turpin,WR,45.4
Savion Williams,WR,45.1
Xavier Legette,WR,44.1
Pat Bryant,WR,44
Joshua Palmer,WR,43.3
Marvin Mims Jr.,WR,42.5
Jahdae Walker,WR,41.6
Calvin Austin III,WR,40.7
Cedric Tillman,WR,40.4
Jalen Tolbert,WR,39.8
Keon Coleman,WR,39.7
Elijah Sarratt,WR,39.7
DeMario Douglas,WR,38.6
Jaylin Lane,WR,38.4
Chris Brazzell II,WR,38.3
Kalif Raymond,WR,37.1
Demarcus Robinson,WR,35.4
Jaylin Noel,WR,34.6
Tutu Atwell,WR,32.9
Zachariah Branch,WR,32.4
Luke McCaffrey,WR,30.9
Kevin Coleman Jr.,WR,30.5
Treylon Burks,WR,29
Jalen Royals,WR,28.9
Kendrick Bourne,WR,27.5
Skyler Bell,WR,27.5
Jordan Whittington,WR,26.2
Bryce Lance,WR,25.7
Dont'e Thornton Jr.,WR,25.2
Devontez Walker,WR,23.4
Malachi Fields,WR,20.9
Konata Mumpfield,WR,19.4
Brenen Thompson,WR,17.8
Mack Hollins,WR,17.2
Kyle Williams,WR,15.6
Tez Johnson,WR,14.9
Isaiah Bond,WR,12.9
Mitch Tinsley,WR,12.9
Xavier Smith,WR,12.7
Cyrus Allen,WR,10.8
Greg Dortch,WR,10
CJ Daniels,WR,6.3
Zavion Thomas,WR,5.6
JuJu Smith-Schuster,WR,1.6
Trey McBride,TE,150.6
Brock Bowers,TE,147.2
Colston Loveland,TE,130.4
Tyler Warren,TE,118.9
Kyle Pitts Sr.,TE,116.4
Dallas Goedert,TE,113.7
Sam LaPorta,TE,113.3
Harold Fannin Jr.,TE,112.3
Tucker Kraft,TE,110.4
Travis Kelce,TE,108.8
Mark Andrews,TE,106.5
George Kittle,TE,105.4
Dalton Kincaid,TE,102.6
Isaiah Likely,TE,102.4
Hunter Henry,TE,97.3
Jake Ferguson,TE,93.6
Brenton Strange,TE,91.3
Juwan Johnson,TE,89.4
Dalton Schultz,TE,82.8
Pat Freiermuth,TE,80.9
AJ Barner,TE,79.4
Kenyon Sadiq,TE,79
Greg Dulcich,TE,77.3
T.J. Hockenson,TE,76.7
Oronde Gadsden II,TE,76.6
Terrance Ferguson,TE,76.2
Cade Otton,TE,75.6
Chig Okonkwo,TE,72.8
Mike Gesicki,TE,69.1
Evan Engram,TE,63.3
Gunnar Helm,TE,62.5
David Njoku,TE,59.9
Colby Parkinson,TE,57.6
Mason Taylor,TE,53.2
Dawson Knox,TE,50.3
Michael Mayer,TE,50.1
Theo Johnson,TE,48.7
Tyler Higbee,TE,45.1
Darnell Washington,TE,43.3
Cole Kmet,TE,40.4
Ja'Tavion Sanders,TE,38.3
Tommy Tremble,TE,36.9
Noah Fant,TE,35.3
Josh Oliver,TE,33.5
Austin Hooper,TE,33.2
Daniel Bellinger,TE,32.6
Erick All Jr.,TE,32.5
Charlie Kolar,TE,31.6
Brock Wright,TE,31.3
Eli Stowers,TE,31.2
Noah Gray,TE,29.8
Luke Musgrave,TE,29.6
Elijah Arroyo,TE,29.1
Adam Trautman,TE,28.3
Jake Tonges,TE,28.2
Eli Raridon,TE,27.7
John Bates,TE,25.5
Marlin Klein,TE,25
Elijah Higgins,TE,23.5
Nate Boerkircher,TE,22.2
Jackson Hawes,TE,20.1
Ben Sinnott,TE,19.9
Mitchell Evans,TE,19.5
Jack Endries,TE,18.3
Luke Schoonmaker,TE,17.8
Mo Alie-Cox,TE,16.1
Durham Smythe,TE,13.7
Max Klare,TE,12.3
Tanner Koziol,TE,5.3
Oscar Delp,TE,5
